TokamakIndustries/README.md
TokamakIndustries/TokamakIndustries.version
TokamakIndustries/agencies/Tokamak.png
TokamakIndustries/agencies/Tokamak_scaled.png
TokamakIndustries/agencies/agents.cfg
TokamakIndustries/asset credits.txt
TokamakIndustries/assets/Pilotseat.png
TokamakIndustries/assets/TokamakIcon.png
TokamakIndustries/assets/TokamakIcon_selected.png
TokamakIndustries/assets/chairs.png
TokamakIndustries/assets/dryworkshop-external-texture.png
TokamakIndustries/assets/dryworkshopexternal.mu
TokamakIndustries/assets/dummy.png
TokamakIndustries/assets/gridpanel.png
TokamakIndustries/assets/habpack-internal-structure-emissive.png
TokamakIndustries/assets/habpack-internal-structure.png
TokamakIndustries/assets/inflato2-internal-props.png
TokamakIndustries/assets/inflato2internal.mu
TokamakIndustries/assets/inflatoflatexternal.png
TokamakIndustries/assets/inflatoflatinternal.mu
TokamakIndustries/assets/kerbal-placeholder.png
TokamakIndustries/assets/kerbalhead.png
TokamakIndustries/assets/ls-shelf-ao.png
TokamakIndustries/assets/munox-adapter-flat.mu
TokamakIndustries/assets/munox-adapter-parallel.mu
TokamakIndustries/assets/munox-adapter-perpendicular.mu
TokamakIndustries/assets/munox-adapter-stackvert.mu
TokamakIndustries/assets/munoxexternal.mu
TokamakIndustries/assets/munoxexternal.png
TokamakIndustries/assets/munoxexternaltexture.png
TokamakIndustries/assets/munoxinternal.mu
TokamakIndustries/assets/sharedboxthings-emissive.png
TokamakIndustries/assets/sharedboxthings.png
TokamakIndustries/assets/sharedtextures.png
TokamakIndustries/assets/tokamak-internal-props-1.png
TokamakIndustries/assets/tokamakALTERNATEgreebletextures.png
TokamakIndustries/assets/tokamakgreeblestextures.png
TokamakIndustries/assets/vastswathofmetal.png
TokamakIndustries/changelog.txt
TokamakIndustries/license.txt
TokamakIndustries/lifesupport/ELP.cfg
TokamakIndustries/lifesupport/KeepFit.cfg
TokamakIndustries/lifesupport/OSE Workshop.cfg
TokamakIndustries/lifesupport/Tokamak_KISM.cfg
TokamakIndustries/lifesupport/Tokamak_SNX.cfg
TokamakIndustries/lifesupport/Tokamak_TAC.cfg
TokamakIndustries/lifesupport/Tokamak_USI.cfg
TokamakIndustries/localization/de-de.cfg
TokamakIndustries/localization/en-us.cfg
TokamakIndustries/localization/es-es.cfg
TokamakIndustries/parts/KADEPT/KADEPTlarge.cfg
TokamakIndustries/parts/KADEPT/KADEPTlargish.cfg
TokamakIndustries/parts/KADEPT/KADEPTmedium.cfg
TokamakIndustries/parts/KADEPT/KADEPTmodest.cfg
TokamakIndustries/parts/KADEPT/KADEPTsmall.cfg
TokamakIndustries/parts/KADEPT/NASAaeroShield.mu
TokamakIndustries/parts/KADEPT/NasaAeroShieldBase.dds
TokamakIndustries/parts/KADEPT/NasaAeroShieldBase_NRM.dds
TokamakIndustries/parts/KADEPT/NasaAeroShieldShell.dds
TokamakIndustries/parts/KADEPT/NasaAeroShieldShell_NRM.dds
TokamakIndustries/parts/basemount/BaseMount.dds
TokamakIndustries/parts/basemount/model.mu
TokamakIndustries/parts/basemount/part.cfg
TokamakIndustries/parts/centrifugeSmall/centrifugeSmall.cfg
TokamakIndustries/parts/centrifugeSmall/centrifugeSmall.mu
TokamakIndustries/parts/centrifugeSmall/smallcentrifuge.dds
TokamakIndustries/parts/dryworkshop.cfg
TokamakIndustries/parts/inflato1/Illum.dds
TokamakIndustries/parts/inflato1/inflato1.cfg
TokamakIndustries/parts/inflato1/inflato1.dds
TokamakIndustries/parts/inflato1/inflato1_NRM.dds
TokamakIndustries/parts/inflato1/model.mu
TokamakIndustries/parts/inflato2/Inflato2.dds
TokamakIndustries/parts/inflato2/Inflato2_NRM.dds
TokamakIndustries/parts/inflato2/inflato2.cfg
TokamakIndustries/parts/inflato2/lum.dds
TokamakIndustries/parts/inflato2/model.mu
TokamakIndustries/parts/inflatoflat/FLATControlNodes.mu
TokamakIndustries/parts/inflatoflat/HabitatPack_FLAT_Fix.cfg
TokamakIndustries/parts/inflatoflat/InflatoFlat.dds
TokamakIndustries/parts/inflatoflat/InflatoFlat_NRM.dds
TokamakIndustries/parts/inflatoflat/model.mu
TokamakIndustries/parts/munox-adapter-perpendicular.cfg
TokamakIndustries/parts/munox.cfg
TokamakIndustries/parts/munox-adapter-flat.cfg
TokamakIndustries/parts/munox-adapter-parallel.cfg
TokamakIndustries/parts/orbitalorb/model000.dds
TokamakIndustries/parts/orbitalorb/model000.mu
TokamakIndustries/parts/orbitalorb/model001_NRM.dds
TokamakIndustries/parts/orbitalorb/model002.dds
TokamakIndustries/parts/orbitalorb/part.cfg
TokamakIndustries/spaces/centrifuge1internal/cargobag_cent.dds
TokamakIndustries/spaces/centrifuge1internal/cargobag_cent_lum.dds
TokamakIndustries/spaces/centrifuge1internal/cargobag_norm_NRM.dds
TokamakIndustries/spaces/centrifuge1internal/gameboy.dds
TokamakIndustries/spaces/centrifuge1internal/gameboy_normal_NRM.dds
TokamakIndustries/spaces/centrifuge1internal/gridpanel.dds
TokamakIndustries/spaces/centrifuge1internal/gridpanel_normal_NRM.dds
TokamakIndustries/spaces/centrifuge1internal/inflato2internal.dds
TokamakIndustries/spaces/centrifuge1internal/internal.cfg
TokamakIndustries/spaces/centrifuge1internal/model.mu
TokamakIndustries/spaces/centrifuge1internal/model002.dds
TokamakIndustries/spaces/centrifuge1internal/mug.dds
TokamakIndustries/spaces/centrifuge1internal/mug_normal_NRM.dds
TokamakIndustries/spaces/centrifuge1internal/snacks.dds
TokamakIndustries/spaces/centrifuge1internal/snacks_normal_NRM.dds
TokamakIndustries/spaces/centrifugeSmall/centrifugeSmallIVA.mu
TokamakIndustries/spaces/centrifugeSmall/internal.cfg
TokamakIndustries/spaces/dryworkshop/dryworkshopinternal.mu
TokamakIndustries/spaces/dryworkshop/internal.cfg
TokamakIndustries/spaces/dryworkshop/proptextures.png
TokamakIndustries/spaces/inflato1internal/Hydrofarm.dds
TokamakIndustries/spaces/inflato1internal/Hydrofarm.png
TokamakIndustries/spaces/inflato1internal/Hydrofarmglow.dds
TokamakIndustries/spaces/inflato1internal/Hydrofarmglow.png
TokamakIndustries/spaces/inflato1internal/Hydrofarmnormal_NRM.dds
TokamakIndustries/spaces/inflato1internal/Inflato1internal.mu
TokamakIndustries/spaces/inflato1internal/garden.dds
TokamakIndustries/spaces/inflato1internal/gridpanel.dds
TokamakIndustries/spaces/inflato1internal/gridpanel.png
TokamakIndustries/spaces/inflato1internal/gridpanel_normal_NRM.dds
TokamakIndustries/spaces/inflato1internal/internal.cfg
TokamakIndustries/spaces/inflato1internal/model000.dds
TokamakIndustries/spaces/inflato1internal/model001_NRM.dds
TokamakIndustries/spaces/inflato1internal/props normal_NRM.dds
TokamakIndustries/spaces/inflato1internal/props.dds
TokamakIndustries/spaces/inflato1internal/props.png
TokamakIndustries/spaces/inflato2/internal.cfg
TokamakIndustries/spaces/inflatoflat/internal.cfg
TokamakIndustries/spaces/munox/internal.cfg
TokamakIndustries/spaces/orbitalOrbInternals/OrbIVA1.dds
TokamakIndustries/spaces/orbitalOrbInternals/OrbIVA2.dds
TokamakIndustries/spaces/orbitalOrbInternals/Seat.dds
TokamakIndustries/spaces/orbitalOrbInternals/bag3_base.dds
TokamakIndustries/spaces/orbitalOrbInternals/bag3_normals.dds
TokamakIndustries/spaces/orbitalOrbInternals/glow.dds
TokamakIndustries/spaces/orbitalOrbInternals/glow_glow.dds
TokamakIndustries/spaces/orbitalOrbInternals/internal.cfg
TokamakIndustries/spaces/orbitalOrbInternals/model.mu
TokamakIndustries/spaces/orbitalOrbInternals/radialrcstank.dds
TokamakIndustries/spaces/orbitalOrbInternals/windowglas.dds
TokamakIndustries/tokamakfilterextensions.cfg
